AktpS473_obs,AktpT308_obs,Coomassie_staining_obs,ERKpT202_Y204_obs,ER_alpha_obs,FourEBP1pT37_46_obs,GAPDH_obs,IRS1pS636_639_obs,PRAS40pS183_obs,PRAS40pT246_obs,S6KpT229_obs,S6KpT389_obs,TSC2pT1462_obs,p38_pT180_Y182_obs,AktpS473_obs_indep,AktpT308_obs_indep,Coomassie_staining_obs_indep,ERKpT202_Y204_obs_indep,ER_alpha_obs_indep,FourEBP1pT37_46_obs_indep,GAPDH_obs_indep,IRS1pS636_639_obs_indep,PRAS40pS183_obs_indep,PRAS40pT246_obs_indep,S6KpT229_obs_indep,S6KpT389_obs_indep,TSC2pT1462_obs_indep,p38_pT180_Y182_obs_indep,Insulin_indep,AA_indep
0.483406246146483,0.47331336412122416,1.0,0.5936844504054508,0.5409293329563891,0.5562357545764579,1.1660547652890032,0.3230471920174644,0.5134960895448804,0.3829545299925061,0.31318289425438817,0.30191398336427755,0.5583619989689947,1.221989017000543,0.483406246146483,0.47331336412122416,1.0,0.5936844504054508,0.5409293329563891,0.5562357545764579,1.1660547652890032,0.3230471920174644,0.5134960895448804,0.3829545299925061,0.31318289425438817,0.30191398336427755,0.5583619989689947,1.221989017000543,0,0
