AktpS473_obs,AktpT308_obs,Coomassie_staining_obs,ERKpT202_Y204_obs,ER_alpha_obs,FourEBP1pT37_46_obs,GAPDH_obs,IRS1pS636_639_obs,PRAS40pS183_obs,PRAS40pT246_obs,S6KpT229_obs,S6KpT389_obs,TSC2pT1462_obs,p38_pT180_Y182_obs,AktpS473_obs_indep,AktpT308_obs_indep,Coomassie_staining_obs_indep,ERKpT202_Y204_obs_indep,ER_alpha_obs_indep,FourEBP1pT37_46_obs_indep,GAPDH_obs_indep,IRS1pS636_639_obs_indep,PRAS40pS183_obs_indep,PRAS40pT246_obs_indep,S6KpT229_obs_indep,S6KpT389_obs_indep,TSC2pT1462_obs_indep,p38_pT180_Y182_obs_indep,Insulin_indep,AA_indep
0.46913355171619897,0.5535671560092869,1.0,0.30383987446879007,1.7116215077989403,0.24050006601864873,0.8388969872590909,0.6358214872329411,0.5074349404243843,0.2819673354013301,0.4117717250093394,0.43017398706760596,0.5648032397680022,0.2991174397440612,0.46913355171619897,0.5535671560092869,1.0,0.30383987446879007,1.7116215077989403,0.24050006601864873,0.8388969872590909,0.6358214872329411,0.5074349404243843,0.2819673354013301,0.4117717250093394,0.43017398706760596,0.5648032397680022,0.2991174397440612,0,0
